iteration,epoch,wd,gradient_penality,wd_loss,generator_loss
0,0,0.0002956157550215721,9.999428749084473,9.999724388122559,0.0037373430095613003
0,250,0.3116879463195801,9.375396728515625,9.687084197998047,-3.6018505096435547
0,500,0.4228324890136719,9.53250789642334,9.955340385437012,-11.1351318359375
0,750,-3.107189893722534,8.48437213897705,5.3771820068359375,-0.319985568523407
0,1000,-0.16138124465942383,8.601272583007812,8.439891815185547,-5.854778289794922
1,1250,-0.7798638343811035,8.243986129760742,7.464122295379639,-3.7332375049591064
1,1500,-0.2690725326538086,7.872188568115234,7.603116035461426,-6.185822486877441
1,1750,-4.034976959228516,7.78576135635376,3.750784397125244,-0.7216974496841431
1,2000,-1.8133409023284912,7.3666839599609375,5.553342819213867,-0.7460364103317261
2,2250,7.200739860534668,6.695873260498047,13.896613121032715,-17.861122131347656
2,2500,-2.741069793701172,6.388837814331055,3.647768020629883,5.359542369842529
2,2750,-4.251190185546875,5.883433818817139,1.6322436332702637,4.555501937866211
2,3000,-8.054533004760742,6.059906959533691,-1.9946260452270508,5.166191577911377
3,3250,-5.467600345611572,6.7401838302612305,1.2725834846496582,-7.440176010131836
3,3500,-7.898340225219727,5.359551906585693,-2.538788318634033,5.319174289703369
3,3750,-4.472388744354248,5.506455898284912,1.034067153930664,-0.8448842763900757
3,4000,-4.328193187713623,5.39974308013916,1.071549892425537,-3.3505442142486572
4,4250,-3.8882884979248047,5.289430618286133,1.4011421203613281,-4.691677093505859
4,4500,0.8856635093688965,5.216122150421143,6.101785659790039,2.5650312900543213
4,4750,-0.7869517803192139,5.177326202392578,4.390374183654785,-2.504175901412964
4,5000,3.2710938453674316,5.170198440551758,8.441291809082031,4.39125394821167
5,5250,-6.439117431640625,5.091544151306152,-1.3475732803344727,-2.974231719970703
5,5500,2.3087024688720703,4.961833953857422,7.270536422729492,-7.653364181518555
5,5750,-3.377509593963623,4.969816207885742,1.5923066139221191,1.0456581115722656
5,6000,1.6605796813964844,4.886645793914795,6.547225475311279,2.604818105697632
6,6250,2.6930007934570312,4.8148393630981445,7.507840156555176,-14.483148574829102
6,6500,1.2398717403411865,4.813417911529541,6.053289413452148,4.78537654876709
6,6750,-3.1869330406188965,4.928933143615723,1.7420001029968262,3.7067036628723145
6,7000,1.3494997024536133,4.710230350494385,6.059730052947998,-5.459174156188965
7,7250,-2.0857889652252197,4.849109172821045,2.763320207595825,5.035087585449219
7,7500,-5.293101787567139,4.609729766845703,-0.6833720207214355,-0.9416393041610718
7,7750,-8.131937980651855,4.627791881561279,-3.504146099090576,4.560220241546631
7,8000,-4.745471477508545,4.428182601928711,-0.317288875579834,16.57316017150879
8,8250,-2.996735095977783,4.793653964996338,1.7969188690185547,11.68351936340332
8,8500,4.153254508972168,4.516288757324219,8.669543266296387,1.7234772443771362
8,8750,-2.861452341079712,4.693943977355957,1.8324916362762451,1.6709437370300293
8,9000,3.992819309234619,4.312498092651367,8.305316925048828,6.0658087730407715
8,9250,-9.845478057861328,4.809054374694824,-5.036423683166504,3.0088841915130615
9,9500,0.31352949142456055,5.222228050231934,5.535757541656494,5.335707664489746
9,9750,0.6601108312606812,4.469613552093506,5.129724502563477,4.021618843078613
9,10000,-1.9086072444915771,4.70161247253418,2.7930052280426025,2.400763988494873
9,10250,-13.200705528259277,5.276797294616699,-7.923908233642578,12.7340087890625
10,10500,1.3382301330566406,4.629885673522949,5.96811580657959,4.729120254516602
10,10750,-5.147391319274902,5.2398152351379395,0.09242391586303711,8.875726699829102
10,11000,-4.488997936248779,4.463166236877441,-0.02583169937133789,6.6579389572143555
10,11250,2.5804190635681152,4.398284912109375,6.97870397567749,6.1148505210876465
11,11500,0.8584489822387695,4.320407867431641,5.17885684967041,7.971662521362305
11,11750,-8.627596855163574,4.492846488952637,-4.1347503662109375,-2.7019200325012207
11,12000,-3.290677070617676,4.345098495483398,1.0544214248657227,8.323935508728027
11,12250,-7.309937477111816,4.683084964752197,-2.626852512359619,4.510982513427734
12,12500,-4.191684722900391,4.154720783233643,-0.03696393966674805,9.360068321228027
12,12750,0.12161540985107422,4.561832904815674,4.683448314666748,14.794785499572754
12,13000,-5.852094650268555,4.096934795379639,-1.755159854888916,12.712963104248047
12,13250,-7.578157424926758,4.213366985321045,-3.364790439605713,11.433756828308105
13,13500,2.354952812194824,3.9638831615448,6.318836212158203,15.484375953674316
13,13750,1.7282676696777344,4.278273582458496,6.0065412521362305,21.52779197692871
13,14000,1.6944204568862915,3.965589761734009,5.66001033782959,2.1970434188842773
13,14250,-1.1896936893463135,4.074028491973877,2.8843348026275635,0.7720880508422852
14,14500,-8.787579536437988,4.068653583526611,-4.718925952911377,8.70341682434082
14,14750,3.5543603897094727,3.946786403656006,7.5011467933654785,19.37417984008789
14,15000,-3.5743942260742188,4.017024993896484,0.4426307678222656,8.034639358520508
14,15250,-13.724369049072266,4.138392448425293,-9.585976600646973,11.75796890258789
15,15500,-3.2029266357421875,3.98465633392334,0.7817296981811523,9.286434173583984
15,15750,-12.246782302856445,3.8502466678619385,-8.396535873413086,22.910491943359375
15,16000,-5.5836334228515625,3.7197751998901367,-1.8638582229614258,19.28390121459961
15,16250,-8.832734107971191,3.982598304748535,-4.850135803222656,12.911551475524902
16,16500,5.073397636413574,3.8265137672424316,8.899911880493164,6.982237339019775
16,16750,-7.149503707885742,4.000176906585693,-3.149326801300049,18.842004776000977
16,17000,-8.807584762573242,3.732459783554077,-5.075124740600586,9.36336898803711
16,17250,3.3864898681640625,3.7500593662261963,7.13654899597168,20.30825424194336
16,17500,2.1510720252990723,3.7971620559692383,5.9482340812683105,7.573887825012207
17,17750,-2.3106746673583984,3.770543098449707,1.4598684310913086,16.64883804321289
17,18000,-6.134476661682129,3.5691287517547607,-2.565347909927368,5.885080337524414
17,18250,-1.224130630493164,3.6292436122894287,2.4051129817962646,19.91006851196289
17,18500,-7.938176155090332,3.748772382736206,-4.189403533935547,18.21356201171875
18,18750,-7.4501800537109375,3.8489363193511963,-3.601243734359741,16.88589096069336
18,19000,-11.652376174926758,3.7144179344177246,-7.937958240509033,13.603857040405273
18,19250,11.951372146606445,3.7364330291748047,15.68780517578125,16.85361671447754
18,19500,4.109796524047852,3.5919899940490723,7.701786518096924,15.739992141723633
19,19750,-9.355292320251465,3.420330286026001,-5.934962272644043,2.814821720123291
19,20000,-5.881223678588867,3.6793274879455566,-2.2018961906433105,17.91316032409668
19,20250,-11.708332061767578,3.288252830505371,-8.420079231262207,23.74587059020996
19,20500,-4.96140193939209,3.6293225288391113,-1.3320794105529785,17.43947982788086
20,20750,-1.093618392944336,3.779461145401001,2.685842752456665,23.439983367919922
20,21000,-10.26534652709961,3.61539888381958,-6.649947643280029,17.18410301208496
20,21250,3.8209266662597656,3.671069622039795,7.4919962882995605,21.580923080444336
20,21500,-3.272477149963379,3.6017303466796875,0.3292531967163086,17.700496673583984
21,21750,6.608488082885742,3.5952401161193848,10.203727722167969,24.64032745361328
21,22000,-17.759349822998047,3.3125715255737305,-14.446778297424316,26.939971923828125
21,22250,-8.098625183105469,3.648008108139038,-4.450616836547852,8.123278617858887
21,22500,-0.2811145782470703,3.6852288246154785,3.404114246368408,19.68949317932129
22,22750,-7.465276718139648,3.431905508041382,-4.0333709716796875,25.132139205932617
22,23000,1.7633295059204102,3.697702407836914,5.461031913757324,18.88595962524414
22,23250,-14.043024063110352,3.3577423095703125,-10.685281753540039,18.515567779541016
22,23500,-0.6385116577148438,3.85922908782959,3.220717430114746,5.558305740356445
23,23750,-15.42210865020752,3.6131467819213867,-11.808961868286133,2.4590494632720947
23,24000,-3.7848806381225586,3.3269972801208496,-0.457883358001709,12.975373268127441
23,24250,0.796839714050293,3.6940109729766846,4.490850448608398,15.692548751831055
23,24500,-12.568733215332031,4.444955825805664,-8.123777389526367,19.31855583190918
24,24750,0.15130853652954102,3.7893497943878174,3.9406583309173584,10.191007614135742
24,25000,-0.571406364440918,3.655959367752075,3.0845530033111572,10.71891975402832
24,25250,-18.442001342773438,3.994687795639038,-14.44731330871582,12.727789878845215
24,25500,-1.8970756530761719,4.48736572265625,2.590290069580078,26.248924255371094
24,25750,-13.48690128326416,3.691981077194214,-9.794919967651367,20.899124145507812
25,26000,-5.874543190002441,3.9974591732025146,-1.8770840167999268,11.125679969787598
25,26250,-0.6995210647583008,3.5901074409484863,2.8905863761901855,24.75214385986328
25,26500,4.111217498779297,3.986461639404297,8.097679138183594,21.692298889160156
25,26750,-15.552797317504883,3.820286273956299,-11.732511520385742,27.029266357421875
26,27000,0.04598808288574219,3.899953842163086,3.945941925048828,13.024900436401367
26,27250,-3.8609046936035156,3.921471118927002,0.06056642532348633,14.332179069519043
26,27500,4.856096267700195,3.582580089569092,8.438676834106445,22.882083892822266
26,27750,-3.481215476989746,3.861889362335205,0.380673885345459,17.93802261352539
27,28000,-13.639045715332031,3.8339738845825195,-9.805071830749512,18.018115997314453
27,28250,-2.1323843002319336,3.5865554809570312,1.4541711807250977,15.989818572998047
27,28500,-2.9163570404052734,3.8925294876098633,0.9761724472045898,24.5653076171875
27,28750,-9.090675354003906,3.7725722789764404,-5.318102836608887,5.651917457580566
28,29000,-8.633581161499023,3.9611334800720215,-4.672447681427002,22.053985595703125
28,29250,-1.9906558990478516,3.508089780807495,1.5174338817596436,21.713516235351562
28,29500,-17.635906219482422,3.555232286453247,-14.080674171447754,16.013349533081055
28,29750,-5.586651802062988,3.7480649948120117,-1.8385868072509766,18.9327449798584
29,30000,-8.060744285583496,4.026864528656006,-4.03387975692749,13.161460876464844
29,30250,7.605691909790039,3.477982997894287,11.083675384521484,16.524219512939453
29,30500,-12.854795455932617,3.6848199367523193,-9.169975280761719,9.95201301574707
29,30750,-7.086271286010742,4.25814151763916,-2.828129768371582,28.596837997436523
30,31000,-9.48779296875,3.8407135009765625,-5.6470794677734375,19.785009384155273
30,31250,-1.5879497528076172,3.983966112136841,2.3960163593292236,32.60108184814453
30,31500,-10.629583358764648,4.0052714347839355,-6.624311923980713,25.469438552856445
30,31750,-15.660816192626953,3.807243824005127,-11.853572845458984,12.432125091552734
31,32000,-5.107183456420898,3.5693633556365967,-1.5378201007843018,18.213226318359375
31,32250,-10.096617698669434,3.8710882663726807,-6.225529670715332,36.78122329711914
31,32500,-6.232669830322266,4.083465099334717,-2.149204730987549,29.186779022216797
31,32750,-15.215096473693848,3.858490228652954,-11.356606483459473,32.4129524230957
32,33000,-8.069498062133789,3.862004280090332,-4.207493782043457,20.386287689208984
32,33250,-9.481685638427734,3.7432146072387695,-5.738471031188965,15.131921768188477
32,33500,-15.145893096923828,4.234276294708252,-10.911617279052734,33.94652557373047
32,33750,-3.075895309448242,3.816776752471924,0.7408814430236816,40.92988586425781
32,34000,-9.267667770385742,3.9661974906921387,-5.3014702796936035,27.919368743896484
33,34250,-1.5904006958007812,4.340728759765625,2.7503280639648438,20.89767074584961
33,34500,-13.466365814208984,3.9940297603607178,-9.472335815429688,31.075489044189453
33,34750,-16.10093116760254,4.106492519378662,-11.994438171386719,27.744522094726562
33,35000,-11.16848373413086,4.473080635070801,-6.695403099060059,28.394733428955078
34,35250,-8.841297149658203,4.294604778289795,-4.546692371368408,16.893186569213867
34,35500,6.640867233276367,4.421162128448486,11.062028884887695,10.023512840270996
34,35750,-2.6757211685180664,3.9858510494232178,1.3101298809051514,18.05299186706543
34,36000,-24.065204620361328,4.1938090324401855,-19.871395111083984,9.577828407287598
35,36250,-30.68133544921875,4.235119819641113,-26.446216583251953,14.173531532287598
35,36500,-4.631050109863281,4.11171817779541,-0.5193319320678711,31.114521026611328
35,36750,-9.313167572021484,4.143338203430176,-5.169829368591309,25.123672485351562
35,37000,-10.370084762573242,3.8294668197631836,-6.540617942810059,29.027938842773438
36,37250,-2.4128265380859375,4.232686519622803,1.8198599815368652,38.88916778564453
36,37500,-6.6293792724609375,4.024517059326172,-2.6048622131347656,18.157485961914062
36,37750,-3.7867660522460938,4.209357261657715,0.4225912094116211,25.99911880493164
36,38000,-7.46966552734375,3.9737396240234375,-3.4959259033203125,21.26773452758789
37,38250,-9.151765823364258,3.897812604904175,-5.253952980041504,37.48754119873047
37,38500,2.244089126586914,3.8687868118286133,6.112875938415527,28.352195739746094
37,38750,-0.8794736862182617,4.1177873611450195,3.238313674926758,19.721923828125
37,39000,-9.639050483703613,3.954558849334717,-5.6844916343688965,29.245418548583984
38,39250,-8.891483306884766,4.021457195281982,-4.870026111602783,35.63172912597656
38,39500,-14.917318344116211,4.017061233520508,-10.900257110595703,30.644136428833008
38,39750,-7.152530670166016,4.183053493499756,-2.9694771766662598,38.708892822265625
38,40000,-7.746372222900391,4.142722129821777,-3.6036500930786133,27.69339370727539
39,40250,-14.884906768798828,4.251646995544434,-10.633259773254395,21.980995178222656
39,40500,-12.99953842163086,4.010761260986328,-8.988777160644531,14.633641242980957
39,40750,1.8210334777832031,4.490494728088379,6.311528205871582,40.0371208190918
39,41000,-6.626466751098633,4.91963005065918,-1.7068367004394531,30.36355972290039
40,41250,-11.31134033203125,4.283111095428467,-7.028229236602783,35.85803985595703
40,41500,-17.233287811279297,4.281505584716797,-12.9517822265625,27.66434669494629
40,41750,-11.22711181640625,3.7995333671569824,-7.427578449249268,30.053495407104492
40,42000,-8.43423080444336,3.833770751953125,-4.600460052490234,34.9373779296875
40,42250,-16.54183578491211,4.489328384399414,-12.052507400512695,41.31427764892578
41,42500,-4.2608795166015625,4.199716091156006,-0.06116342544555664,35.99420928955078
41,42750,-11.972217559814453,4.209978103637695,-7.762239456176758,34.37562561035156
41,43000,-12.341991424560547,4.046802520751953,-8.295188903808594,36.54411697387695
41,43250,-6.287286758422852,3.927788496017456,-2.3594982624053955,29.056486129760742
42,43500,-3.4499168395996094,4.1940460205078125,0.7441291809082031,49.10611343383789
42,43750,-1.3577842712402344,3.900510787963867,2.542726516723633,51.47514724731445
42,44000,1.5979461669921875,4.451726913452148,6.049673080444336,33.166770935058594
42,44250,-8.217449188232422,4.339883804321289,-3.877565383911133,39.65115737915039
43,44500,-4.808538436889648,4.36619234085083,-0.44234609603881836,28.895793914794922
43,44750,-9.453638076782227,3.8812994956970215,-5.572338581085205,38.284217834472656
43,45000,-4.642524719238281,4.206134796142578,-0.4363899230957031,30.347461700439453
43,45250,-5.007801055908203,4.313154697418213,-0.6946463584899902,33.15659713745117
44,45500,-0.37866973876953125,4.138037204742432,3.7593674659729004,36.72444152832031
44,45750,3.1905269622802734,4.20900297164917,7.399529933929443,33.330745697021484
44,46000,-6.856159210205078,4.33790397644043,-2.5182552337646484,41.366363525390625
44,46250,-3.450389862060547,4.320864677429199,0.8704748153686523,35.18688201904297
45,46500,-12.400304794311523,3.995530366897583,-8.40477466583252,49.972808837890625
45,46750,-9.180301666259766,3.9470789432525635,-5.233222961425781,40.238426208496094
45,47000,-17.159757614135742,5.017755508422852,-12.14200210571289,38.743568420410156
45,47250,-16.423316955566406,3.8958024978637695,-12.527514457702637,38.07025909423828
46,47500,-6.453605651855469,3.751784563064575,-2.7018210887908936,42.426658630371094
46,47750,9.727191925048828,4.417418956756592,14.144611358642578,51.52740478515625
46,48000,-2.213451385498047,4.223176956176758,2.009725570678711,35.124881744384766
46,48250,-15.416389465332031,4.403524875640869,-11.01286506652832,36.15218734741211
47,48500,-8.327274322509766,3.9642863273620605,-4.362987995147705,42.84254455566406
47,48750,-0.7988300323486328,4.144590377807617,3.3457603454589844,25.936664581298828
47,49000,11.947257995605469,4.2140302658081055,16.16128921508789,44.01811218261719
47,49250,-10.530845642089844,3.965158224105835,-6.56568717956543,26.391721725463867
48,49500,-5.979225158691406,3.624408483505249,-2.3548166751861572,36.141239166259766
48,49750,-9.675731658935547,4.042421817779541,-5.633309841156006,30.906185150146484
48,50000,-19.450376510620117,3.9094882011413574,-15.540887832641602,39.74290466308594
48,50250,-16.365886688232422,3.7821505069732666,-12.583736419677734,50.74685287475586
48,50500,-8.8780517578125,3.9156148433685303,-4.962436676025391,47.744590759277344
49,50750,-13.914981842041016,3.9603283405303955,-9.9546537399292,18.337770462036133
49,51000,-18.1634521484375,3.9841275215148926,-14.179325103759766,50.39643096923828
49,51250,-3.8398895263671875,4.113825798034668,0.27393627166748047,39.39377975463867
49,51500,-12.216217041015625,4.268370628356934,-7.947846412658691,60.84527587890625
50,51750,-0.9762802124023438,4.082949161529541,3.1066689491271973,32.460140228271484
50,52000,7.338388442993164,4.155974864959717,11.494363784790039,31.58266830444336
50,52250,-7.672878265380859,4.168831825256348,-3.5040464401245117,38.73735046386719
50,52500,-2.7098922729492188,3.7917490005493164,1.0818567276000977,45.968101501464844
51,52750,-3.4113197326660156,4.242616653442383,0.8312969207763672,53.91958236694336
51,53000,-7.303260803222656,3.985821008682251,-3.3174397945404053,40.11869812011719
51,53250,-5.590854644775391,3.561652898788452,-2.0292017459869385,48.300865173339844
51,53500,4.8561553955078125,3.526008129119873,8.382164001464844,63.20363998413086
52,53750,-10.448371887207031,3.7071573734283447,-6.741214752197266,43.01077651977539
52,54000,-8.641075134277344,3.914161205291748,-4.726913928985596,56.281005859375
52,54250,1.1327476501464844,3.8437447547912598,4.976492404937744,44.874229431152344
52,54500,-0.06949234008789062,3.581583261489868,3.5120909214019775,48.08231735229492
53,54750,-14.347728729248047,3.4094619750976562,-10.93826675415039,41.817569732666016
53,55000,-0.4824028015136719,3.682253122329712,3.19985032081604,26.5201358795166
53,55250,-2.5069961547851562,3.689269542694092,1.1822733879089355,37.629337310791016
53,55500,-19.8619384765625,3.861231803894043,-16.00070571899414,41.802459716796875
54,55750,-11.28179931640625,3.8434793949127197,-7.438320159912109,54.476318359375
54,56000,-9.331809997558594,3.678668975830078,-5.653141021728516,51.32881164550781
54,56250,8.831253051757812,3.915865421295166,12.74711799621582,45.40821838378906
54,56500,0.894805908203125,3.9140844345092773,4.808890342712402,48.87539291381836
55,56750,-3.5304946899414062,3.6648786067962646,0.1343839168548584,37.88683319091797
55,57000,-23.072463989257812,3.818777084350586,-19.253686904907227,48.01557540893555
55,57250,-21.428363800048828,4.3158721923828125,-17.112491607666016,52.667724609375
55,57500,16.295631408691406,3.8219423294067383,20.117572784423828,59.24508285522461
56,57750,-6.3638153076171875,3.9778270721435547,-2.385988235473633,38.78057861328125
56,58000,3.6325340270996094,3.7743496894836426,7.406883716583252,38.5897216796875
56,58250,-20.29216766357422,4.086563587188721,-16.205604553222656,43.76499938964844
56,58500,-0.4391212463378906,3.5194456577301025,3.080324411392212,46.20639419555664
56,58750,2.1535263061523438,3.747856616973877,5.901382923126221,36.36011505126953
57,59000,-8.058944702148438,3.262310266494751,-4.796634674072266,52.433712005615234
57,59250,-5.605854034423828,4.297061920166016,-1.3087921142578125,54.550689697265625
57,59500,-4.944847106933594,3.758596897125244,-1.1862502098083496,51.89775848388672
57,59750,-0.8091773986816406,3.771143913269043,2.9619665145874023,31.4730224609375
58,60000,-16.605880737304688,3.3223485946655273,-13.28353214263916,56.58225631713867
58,60250,-21.415260314941406,4.037509441375732,-17.377750396728516,46.6830940246582
58,60500,-4.553382873535156,3.8896260261535645,-0.6637568473815918,52.419586181640625
58,60750,-1.965789794921875,3.8030881881713867,1.8372983932495117,56.47334671020508
59,61000,-4.3330841064453125,3.6568498611450195,-0.676234245300293,50.225399017333984
59,61250,-20.44976043701172,3.6758506298065186,-16.773910522460938,49.98237991333008
59,61500,-3.051300048828125,3.6700730323791504,0.6187729835510254,65.8039321899414
59,61750,-14.050399780273438,3.8749566078186035,-10.175443649291992,63.99517822265625
60,62000,-1.400146484375,4.027627944946289,2.627481460571289,60.04719543457031
60,62250,-12.396224975585938,3.422663688659668,-8.97356128692627,56.14031219482422
60,62500,-15.898223876953125,3.890848159790039,-12.007375717163086,50.425148010253906
60,62750,-5.9069061279296875,3.9156479835510254,-1.991258144378662,27.75373649597168
61,63000,-4.405637741088867,3.6817140579223633,-0.7239236831665039,35.43585968017578
61,63250,5.141498565673828,3.5734009742736816,8.714899063110352,32.46684265136719
61,63500,1.1871528625488281,3.9977049827575684,5.1848578453063965,60.46061325073242
61,63750,-11.196205139160156,4.280546188354492,-6.915658950805664,37.548545837402344
62,64000,-16.374069213867188,3.929797410964966,-12.4442720413208,60.705230712890625
62,64250,-0.9249458312988281,3.7961554527282715,2.8712096214294434,57.48325729370117
62,64500,-8.714401245117188,3.654381275177002,-5.0600199699401855,62.93210983276367
62,64750,-18.85421371459961,3.968360424041748,-14.885852813720703,52.16987991333008
63,65000,-2.401317596435547,3.7526044845581055,1.3512868881225586,57.17951965332031
63,65250,-12.627296447753906,3.957475423812866,-8.669820785522461,57.961490631103516
63,65500,-5.73126220703125,4.147656440734863,-1.5836057662963867,42.79203796386719
63,65750,0.4777984619140625,4.164450645446777,4.64224910736084,49.30463790893555
64,66000,-9.534393310546875,4.095023155212402,-5.439370155334473,53.87480163574219
64,66250,-8.289451599121094,4.115157127380371,-4.174294471740723,44.74615478515625
64,66500,-1.1287117004394531,4.096311569213867,2.967599868774414,46.96263885498047
64,66750,-3.1922149658203125,3.846616506576538,0.6544015407562256,49.92511749267578
64,67000,-22.54741668701172,3.784275531768799,-18.763141632080078,59.87961959838867
65,67250,-3.9585494995117188,3.630021095275879,-0.32852840423583984,38.02585983276367
65,67500,-20.0073184967041,4.488624572753906,-15.518693923950195,40.5233154296875
65,67750,-5.331655502319336,4.068326473236084,-1.263329029083252,36.511024475097656
65,68000,-4.130413055419922,3.4662458896636963,-0.6641671657562256,50.237518310546875
66,68250,-7.413414001464844,3.9772117137908936,-3.43620228767395,40.62557601928711
66,68500,-8.272750854492188,3.9510769844055176,-4.32167387008667,45.710968017578125
66,68750,-10.44924545288086,3.5398058891296387,-6.909439563751221,45.96784973144531
66,69000,-12.695343017578125,3.7364144325256348,-8.958929061889648,53.659385681152344
67,69250,-10.28857421875,3.8044071197509766,-6.484167098999023,38.203399658203125
67,69500,-1.6199531555175781,3.737952947616577,2.117999792098999,51.05997085571289
67,69750,-15.652782440185547,3.587432384490967,-12.065349578857422,39.577816009521484
67,70000,-13.955562591552734,4.159046173095703,-9.796516418457031,38.989776611328125
68,70250,-14.042869567871094,3.469129800796509,-10.573740005493164,49.50926208496094
68,70500,-12.798469543457031,4.249240875244141,-8.54922866821289,52.33804702758789
68,70750,6.806636810302734,3.8132846355438232,10.619921684265137,47.18172073364258
68,71000,-14.2275390625,4.04412841796875,-10.18341064453125,66.1911849975586
69,71250,-8.50067138671875,3.929535150527954,-4.571136474609375,45.05973815917969
69,71500,-5.163360595703125,4.0806145668029785,-1.0827460289001465,51.51799774169922
69,71750,-1.6799392700195312,3.974522113800049,2.2945828437805176,48.47088623046875
69,72000,-5.989250183105469,3.960628032684326,-2.0286221504211426,45.13977813720703
70,72250,-8.5379638671875,3.9176697731018066,-4.620294094085693,53.555171966552734
70,72500,-16.759170532226562,3.634913921356201,-13.124256134033203,57.55598449707031
70,72750,-4.810146331787109,4.142987251281738,-0.6671590805053711,46.09467315673828
70,73000,-14.732402801513672,3.7449681758880615,-10.987434387207031,50.53436279296875
71,73250,-1.2410430908203125,4.038967132568359,2.797924041748047,48.171112060546875
71,73500,-9.713729858398438,3.777161121368408,-5.936568737030029,57.61863708496094
71,73750,-3.5410537719726562,3.701204776763916,0.16015100479125977,49.741600036621094
71,74000,-6.934856414794922,3.9591262340545654,-2.9757301807403564,64.04984283447266
72,74250,-2.1958580017089844,4.016754150390625,1.8208961486816406,60.77381134033203
72,74500,-13.107864379882812,3.829968214035034,-9.2778959274292,57.554080963134766
72,74750,-5.4552764892578125,4.2366461753845215,-1.218630313873291,55.55786895751953
72,75000,-4.805488586425781,4.096505641937256,-0.7089829444885254,44.19212341308594
72,75250,-0.0041961669921875,4.513904571533203,4.509708404541016,40.91204833984375
73,75500,1.0529060363769531,4.215983867645264,5.268889904022217,50.58010482788086
73,75750,-13.966522216796875,4.404715538024902,-9.561806678771973,49.806610107421875
73,76000,-15.64181900024414,4.694029808044434,-10.947789192199707,70.91168212890625
73,76250,-8.045150756835938,3.8626699447631836,-4.182480812072754,70.00746154785156
74,76500,-18.185089111328125,4.028602123260498,-14.156486511230469,62.60858917236328
74,76750,-13.73931884765625,3.870689868927002,-9.868629455566406,57.047210693359375
74,77000,-5.793281555175781,4.123507022857666,-1.6697745323181152,64.96208190917969
74,77250,-14.510250091552734,4.231051445007324,-10.27919864654541,63.9765625
75,77500,-8.920406341552734,4.305756092071533,-4.614650249481201,63.936676025390625
75,77750,-12.449230194091797,4.105090141296387,-8.34414005279541,56.4285888671875
75,78000,-9.971908569335938,4.499013900756836,-5.472894668579102,49.812461853027344
75,78250,-4.804149627685547,3.968752861022949,-0.8353967666625977,51.803462982177734
76,78500,7.977195739746094,3.7855582237243652,11.762754440307617,65.80291748046875
76,78750,-10.494758605957031,4.608680725097656,-5.886077880859375,61.95765686035156
76,79000,1.797943115234375,4.042611598968506,5.840554714202881,61.4863395690918
76,79250,-1.5539474487304688,4.410131931304932,2.856184482574463,65.4723892211914
77,79500,-4.462009429931641,4.113187313079834,-0.34882211685180664,62.51569747924805
77,79750,3.1363677978515625,4.082109451293945,7.218477249145508,67.36536407470703
77,80000,-3.0831985473632812,4.214423656463623,1.1312251091003418,59.22277069091797
77,80250,-16.056747436523438,4.148469924926758,-11.90827751159668,67.77653503417969
78,80500,-10.838920593261719,4.095787048339844,-6.743133544921875,54.25787353515625
78,80750,-12.324226379394531,3.870236396789551,-8.45398998260498,55.795005798339844
78,81000,-18.67943572998047,4.311508655548096,-14.367927551269531,44.70470428466797
78,81250,0.4735870361328125,3.946272134780884,4.419858932495117,56.662322998046875
79,81500,-12.15566635131836,4.185639381408691,-7.970026969909668,55.44008255004883
79,81750,9.902137756347656,4.5719709396362305,14.474108695983887,51.339202880859375
79,82000,-17.880725860595703,4.1785173416137695,-13.702208518981934,64.46045684814453
79,82250,-5.817409515380859,4.388052463531494,-1.4293570518493652,57.074710845947266
80,82500,-1.9013557434082031,4.003192901611328,2.101837158203125,60.237335205078125
80,82750,-14.635536193847656,4.142913341522217,-10.492622375488281,62.50148010253906
80,83000,-18.22705078125,3.892899513244629,-14.334151268005371,60.90476989746094
80,83250,-14.425949096679688,4.375118732452393,-10.050830841064453,67.47945404052734
80,83500,-9.875900268554688,3.9413321018218994,-5.934568405151367,65.55402374267578
81,83750,-9.382606506347656,4.214837074279785,-5.167769432067871,71.88654327392578
81,84000,-9.04644775390625,4.1149115562438965,-4.9315361976623535,66.3922119140625
81,84250,-4.874305725097656,4.912853717803955,0.03854799270629883,66.142578125
81,84500,-13.181941986083984,4.452897071838379,-8.729044914245605,71.22968292236328
82,84750,-2.2818222045898438,4.92210054397583,2.6402783393859863,67.04811096191406
82,85000,-12.669143676757812,4.519749164581299,-8.149394989013672,79.84573364257812
82,85250,-16.188095092773438,4.647236347198486,-11.54085922241211,68.87359619140625
82,85500,4.1157073974609375,4.783127784729004,8.898835182189941,80.81752014160156
83,85750,-13.043407440185547,4.273466110229492,-8.769941329956055,61.230743408203125
83,86000,-18.046451568603516,4.378604888916016,-13.6678466796875,71.15547943115234
83,86250,-23.821304321289062,4.421684741973877,-19.399620056152344,60.3979606628418
83,86500,-25.320301055908203,4.6444807052612305,-20.675819396972656,68.71089172363281
84,86750,-4.128623962402344,4.954009056091309,0.8253850936889648,74.8724594116211
84,87000,-15.46356201171875,5.122910499572754,-10.340651512145996,75.87898254394531
84,87250,-12.750961303710938,4.585683822631836,-8.165277481079102,72.65762329101562
84,87500,-13.421142578125,4.759248733520508,-8.661893844604492,81.24799346923828
85,87750,-13.681564331054688,4.5267653465271,-9.15479850769043,88.85440063476562
85,88000,-12.108726501464844,4.263985633850098,-7.844740867614746,84.77323150634766
85,88250,-7.362098693847656,4.911609172821045,-2.4504895210266113,75.88436889648438
85,88500,3.1262893676757812,4.621524333953857,7.747813701629639,67.80609130859375
86,88750,-10.542381286621094,5.177037239074707,-5.365344047546387,74.46101379394531
86,89000,-7.80731201171875,4.870855331420898,-2.9364566802978516,82.11297607421875
86,89250,-10.072196960449219,4.924920082092285,-5.147276878356934,82.27426147460938
86,89500,-11.968498229980469,4.481305122375488,-7.4871931076049805,70.0223388671875
87,89750,-5.580497741699219,4.630579471588135,-0.949918270111084,74.94270324707031
87,90000,-14.147663116455078,4.39405632019043,-9.753606796264648,70.8387680053711
87,90250,-8.378616333007812,4.0935893058776855,-4.285027027130127,67.20265197753906
87,90500,-6.658843994140625,4.774791717529297,-1.8840522766113281,72.08523559570312
88,90750,-4.352577209472656,5.029206275939941,0.6766290664672852,75.48867797851562
88,91000,-13.782264709472656,4.762561798095703,-9.019702911376953,69.5526123046875
88,91250,-12.024372100830078,4.492323875427246,-7.532048225402832,78.82823181152344
88,91500,3.2996978759765625,5.080540180206299,8.380237579345703,81.48016357421875
88,91750,-19.698089599609375,4.572567462921143,-15.12552261352539,81.939453125
89,92000,-22.981552124023438,4.880948543548584,-18.100603103637695,64.39868927001953
89,92250,4.17266845703125,4.612207412719727,8.784875869750977,73.25879669189453
89,92500,-3.1585350036621094,4.416599750518799,1.2580647468566895,58.24692916870117
89,92750,-11.134346008300781,4.887152671813965,-6.247193336486816,83.39385223388672
90,93000,-14.229270935058594,4.628464698791504,-9.60080623626709,77.24933624267578
90,93250,-13.789886474609375,4.567933082580566,-9.221953392028809,82.39984893798828
90,93500,-13.240478515625,4.683416843414307,-8.557062149047852,89.0545425415039
90,93750,-5.814414978027344,4.714755058288574,-1.0996599197387695,81.46415710449219
91,94000,-16.57757568359375,5.082182884216309,-11.495392799377441,79.35350036621094
91,94250,-11.542137145996094,4.648028373718262,-6.894108772277832,98.16508483886719
91,94500,-20.303359985351562,4.551549434661865,-15.751810073852539,94.17147064208984
91,94750,-6.2313232421875,5.041085243225098,-1.1902379989624023,93.8255386352539
92,95000,-17.849830627441406,4.097209930419922,-13.752620697021484,95.0457763671875
92,95250,-4.550384521484375,4.202697277069092,-0.3476872444152832,89.02159118652344
92,95500,-19.13805389404297,5.256013870239258,-13.882040023803711,83.48928833007812
92,95750,-29.6876220703125,4.476895809173584,-25.210725784301758,79.56185150146484
93,96000,0.3619384765625,4.367892265319824,4.729830741882324,88.40117645263672
93,96250,2.8419723510742188,4.398439407348633,7.240411758422852,88.85017395019531
93,96500,-21.186935424804688,5.308342933654785,-15.878592491149902,70.16265869140625
93,96750,-0.4877166748046875,5.68220853805542,5.194491863250732,84.2284927368164
94,97000,-0.94842529296875,4.455948829650879,3.507523536682129,96.86808776855469
94,97250,-6.486175537109375,4.718690872192383,-1.7674846649169922,94.44271850585938
94,97500,-4.2653350830078125,4.397850036621094,0.13251495361328125,88.02729797363281
94,97750,-13.334114074707031,4.762763023376465,-8.571351051330566,82.76620483398438
95,98000,-6.828285217285156,5.0164899826049805,-1.8117952346801758,87.12812805175781
95,98250,-17.010177612304688,4.409486293792725,-12.600690841674805,78.75364685058594
95,98500,-17.391326904296875,4.4218926429748535,-12.96943473815918,92.59590148925781
95,98750,-15.832443237304688,5.529019355773926,-10.303423881530762,77.46031188964844
96,99000,-24.958396911621094,4.52134370803833,-20.437053680419922,98.2366714477539
96,99250,7.438194274902344,5.048343658447266,12.48653793334961,83.16322326660156
96,99500,-6.7651519775390625,4.949550151824951,-1.8156018257141113,83.70664978027344
96,99750,-22.636367797851562,4.910952568054199,-17.725414276123047,90.92381286621094
96,100000,-9.167808532714844,5.4814982414245605,-3.686310291290283,108.48333740234375
97,100250,-9.921058654785156,5.25806999206543,-4.662988662719727,94.39947509765625
97,100500,-23.261825561523438,4.477991104125977,-18.78383445739746,93.94711303710938
97,100750,-10.990287780761719,5.349030494689941,-5.641257286071777,91.67118835449219
97,101000,-2.19256591796875,5.130648612976074,2.938082695007324,91.02460479736328
98,101250,-24.083663940429688,4.364470481872559,-19.719192504882812,93.40873718261719
98,101500,-8.737007141113281,4.338433742523193,-4.398573398590088,94.60540771484375
98,101750,-5.699684143066406,4.316756248474121,-1.3829278945922852,92.26829528808594
98,102000,-19.853683471679688,4.7465996742248535,-15.107084274291992,99.49625396728516
99,102250,-18.388565063476562,5.036039352416992,-13.35252571105957,102.0858154296875
99,102500,-26.4820556640625,5.092108249664307,-21.38994789123535,99.25312805175781
99,102750,-18.474708557128906,5.209982395172119,-13.264726638793945,91.16789245605469
99,103000,-9.480003356933594,5.400738716125488,-4.0792646408081055,85.1820068359375
100,103250,-14.862419128417969,4.837771415710449,-10.02464771270752,87.57421875
100,103500,-13.361289978027344,5.159926891326904,-8.201362609863281,97.18609619140625
100,103750,-14.3062744140625,5.298476219177246,-9.007798194885254,97.57635498046875
100,104000,-10.447921752929688,4.895944118499756,-5.551977634429932,93.27981567382812
101,104250,-17.98053741455078,4.7332539558410645,-13.247283935546875,85.45623779296875
101,104500,-8.431755065917969,5.106542110443115,-3.3252129554748535,93.57284545898438
101,104750,-16.584152221679688,4.416071891784668,-12.16808032989502,91.38221740722656
101,105000,-3.4422760009765625,4.6463751792907715,1.204099178314209,86.4978256225586
102,105250,-15.121932983398438,5.341765880584717,-9.780166625976562,97.33502197265625
102,105500,-8.327247619628906,4.8682379722595215,-3.4590096473693848,95.83198547363281
102,105750,-17.675758361816406,4.725540637969971,-12.950218200683594,86.88113403320312
102,106000,-7.205772399902344,4.702093124389648,-2.5036792755126953,101.97660064697266
103,106250,-7.014289855957031,5.450645446777344,-1.5636444091796875,97.16932678222656
103,106500,-8.543487548828125,5.824334621429443,-2.7191529273986816,98.10564422607422
103,106750,-11.685256958007812,4.9439191818237305,-6.741337776184082,88.02821350097656
103,107000,-7.440826416015625,5.422152996063232,-2.0186734199523926,90.61767578125
104,107250,-10.556632995605469,4.403712272644043,-6.152920722961426,114.45242309570312
104,107500,-11.336112976074219,4.939446449279785,-6.396666526794434,84.4666976928711
104,107750,-21.94781494140625,5.130517959594727,-16.817296981811523,87.65766906738281
104,108000,-5.628501892089844,4.684665203094482,-0.9438366889953613,76.24746704101562
104,108250,0.4103851318359375,4.09615421295166,4.506539344787598,96.58145141601562
105,108500,2.8054962158203125,5.2213239669799805,8.026820182800293,83.75062561035156
105,108750,-11.908744812011719,4.953037261962891,-6.955707550048828,88.26239013671875
105,109000,-23.383285522460938,4.975133895874023,-18.408151626586914,77.28654479980469
105,109250,-9.647834777832031,4.721184730529785,-4.926650047302246,103.85139465332031
106,109500,-1.1211624145507812,4.688991546630859,3.567829132080078,100.78506469726562
106,109750,-10.502098083496094,4.935283184051514,-5.56681489944458,101.5880126953125
106,110000,-7.8968048095703125,5.304338455200195,-2.592466354370117,94.08256530761719
106,110250,-4.1700592041015625,4.785981178283691,0.6159219741821289,89.92670440673828
107,110500,-15.6436767578125,4.411829948425293,-11.231846809387207,103.99624633789062
107,110750,-12.113273620605469,4.844705104827881,-7.268568515777588,99.72435760498047
107,111000,-13.166358947753906,5.8295698165893555,-7.336789131164551,98.61923217773438
107,111250,-20.89807891845703,4.9567766189575195,-15.941302299499512,99.16986083984375
108,111500,-20.61565399169922,6.93815279006958,-13.677501678466797,91.13265991210938
108,111750,-6.895637512207031,5.094036102294922,-1.8016014099121094,106.90670776367188
108,112000,-7.715484619140625,5.516069412231445,-2.1994152069091797,95.71625518798828
108,112250,-7.021827697753906,5.005781173706055,-2.0160465240478516,106.08612060546875
109,112500,-1.1078567504882812,5.294805526733398,4.186948776245117,87.03691101074219
109,112750,-17.743736267089844,4.5671186447143555,-13.176617622375488,101.88015747070312
109,113000,-15.061805725097656,5.094419002532959,-9.967386245727539,104.70551300048828
109,113250,-5.9653167724609375,4.478167533874512,-1.4871492385864258,106.68688201904297
110,113500,-10.025192260742188,5.108482360839844,-4.916709899902344,104.08350372314453
110,113750,-4.818511962890625,4.838020324707031,0.01950836181640625,106.38369750976562
110,114000,4.6257171630859375,4.5421462059021,9.167863845825195,94.29889678955078
110,114250,-14.379096984863281,5.486989974975586,-8.892107009887695,111.44842529296875
111,114500,-0.5491561889648438,5.435463905334473,4.886307716369629,93.38943481445312
111,114750,-9.245018005371094,4.9579596519470215,-4.287058353424072,102.62198638916016
111,115000,-5.995124816894531,5.462579727172852,-0.5325450897216797,102.21371459960938
111,115250,-21.206321716308594,4.680557727813721,-16.52576446533203,103.44552612304688
112,115500,-6.1445465087890625,4.954421520233154,-1.1901249885559082,104.14691162109375
112,115750,-19.770240783691406,4.9046783447265625,-14.865562438964844,111.6424789428711
112,116000,-12.566390991210938,5.127568244934082,-7.4388227462768555,99.10057067871094
112,116250,-7.86920166015625,4.738781452178955,-3.130420207977295,109.7153549194336
112,116500,-6.291557312011719,4.953191757202148,-1.3383655548095703,94.80229949951172
113,116750,-2.4772186279296875,4.953064918518066,2.475846290588379,103.92842102050781
113,117000,-11.862907409667969,4.784936904907227,-7.077970504760742,103.60427856445312
113,117250,-23.424232482910156,5.011113166809082,-18.41312026977539,89.9082260131836
113,117500,-0.9756088256835938,5.105138778686523,4.12952995300293,101.2248764038086
114,117750,-12.296150207519531,4.606012344360352,-7.69013786315918,90.51823425292969
114,118000,-14.4681396484375,4.868946075439453,-9.599193572998047,105.66848754882812
114,118250,0.16397857666015625,4.618568420410156,4.7825469970703125,101.35906982421875
114,118500,-20.648590087890625,5.484492778778076,-15.16409683227539,99.95359802246094
115,118750,-15.900764465332031,5.466244220733643,-10.434520721435547,103.7607650756836
115,119000,-10.271369934082031,5.036683082580566,-5.234686851501465,88.13214874267578
115,119250,-3.0289306640625,6.45538330078125,3.42645263671875,103.43704223632812
115,119500,-9.158363342285156,5.245927810668945,-3.912435531616211,118.87394714355469
116,119750,-12.213058471679688,5.851836681365967,-6.361221790313721,104.79264831542969
116,120000,-9.258537292480469,5.218939781188965,-4.039597511291504,119.13021850585938
116,120250,-16.34521484375,4.836813926696777,-11.508400917053223,104.62442016601562
116,120500,-8.523735046386719,5.559200286865234,-2.9645347595214844,117.04326629638672
117,120750,-2.8840255737304688,4.854611396789551,1.970585823059082,105.56975555419922
117,121000,-9.778480529785156,5.548015117645264,-4.230465412139893,114.30370330810547
117,121250,-24.35979461669922,5.217648029327393,-19.142147064208984,123.17623138427734
117,121500,-23.710304260253906,4.732583045959473,-18.97772216796875,106.77171325683594
118,121750,-26.243667602539062,4.8925323486328125,-21.35113525390625,98.8858642578125
118,122000,-16.47632598876953,4.778675556182861,-11.697650909423828,113.06221008300781
118,122250,-16.26921844482422,4.522851943969727,-11.746366500854492,104.16524505615234
118,122500,-17.266098022460938,4.9658355712890625,-12.300262451171875,110.1599349975586
119,122750,-19.297210693359375,5.090023040771484,-14.20718765258789,107.78214263916016
119,123000,-5.383110046386719,4.835836410522461,-0.5472736358642578,119.75440979003906
119,123250,-4.399147033691406,4.884247303009033,0.48510026931762695,101.65382385253906
119,123500,-14.483428955078125,5.767612457275391,-8.715816497802734,104.79673767089844
120,123750,-10.921005249023438,5.023931503295898,-5.897073745727539,115.08587646484375
120,124000,-16.966552734375,4.644039630889893,-12.322513580322266,107.21612548828125
120,124250,-12.932685852050781,5.47622013092041,-7.456465721130371,112.89549255371094
120,124500,-14.531723022460938,5.045004844665527,-9.48671817779541,110.19730377197266
120,124750,-2.6607437133789062,4.080836772918701,1.420093059539795,87.76937103271484
121,125000,-10.234756469726562,5.238475799560547,-4.996280670166016,105.39549255371094
121,125250,-10.23553466796875,5.8766961097717285,-4.3588385581970215,107.98295593261719
121,125500,0.495147705078125,4.79188871383667,5.287036418914795,97.39636993408203
121,125750,-17.112030029296875,4.718850612640381,-12.393178939819336,101.85765075683594
122,126000,-10.638824462890625,4.8766937255859375,-5.7621307373046875,105.20343017578125
122,126250,-5.80230712890625,4.9811177253723145,-0.8211894035339355,106.92906188964844
122,126500,-5.902442932128906,4.664255142211914,-1.2381877899169922,112.36402893066406
122,126750,-16.886581420898438,4.557997703552246,-12.328583717346191,110.67806243896484
123,127000,-6.846839904785156,5.43701696395874,-1.409822940826416,114.88038635253906
123,127250,-16.789581298828125,5.61333703994751,-11.176244735717773,104.86873626708984
123,127500,-14.141326904296875,6.033069610595703,-8.108257293701172,106.6413345336914
123,127750,-22.693405151367188,4.9203901290893555,-17.773014068603516,106.80457305908203
124,128000,-7.952545166015625,5.3807759284973145,-2.5717692375183105,105.87511444091797
124,128250,-6.454765319824219,5.23672342300415,-1.2180418968200684,119.90611267089844
124,128500,-21.314727783203125,5.105600357055664,-16.20912742614746,99.6907730102539
124,128750,-22.599334716796875,5.278620719909668,-17.32071304321289,97.51696014404297
125,129000,-13.310195922851562,5.2130818367004395,-8.097114562988281,111.95538330078125
125,129250,-25.85833740234375,5.828038215637207,-20.03030014038086,106.8791275024414
125,129500,-7.0225982666015625,5.193438529968262,-1.8291597366333008,101.24913024902344
125,129750,-7.449806213378906,4.702882766723633,-2.7469234466552734,104.13070678710938
126,130000,-3.708038330078125,4.844241619110107,1.1362032890319824,101.22981262207031
126,130250,-10.211273193359375,5.038263320922852,-5.173009872436523,110.64767456054688
126,130500,-0.19071197509765625,4.286284446716309,4.095572471618652,105.14871215820312
126,130750,-20.559471130371094,5.587254047393799,-14.972217559814453,120.24151611328125
127,131000,-10.092765808105469,5.999538898468018,-4.093226909637451,110.21087646484375
127,131250,-2.5679550170898438,5.117185115814209,2.5492300987243652,116.12203979492188
127,131500,-23.36212158203125,5.716680526733398,-17.64544105529785,112.40643310546875
127,131750,-23.4866943359375,5.310130596160889,-18.176563262939453,110.08415222167969
128,132000,-6.5688629150390625,4.673704624176025,-1.895158290863037,110.37654876708984
128,132250,-21.420364379882812,5.366732597351074,-16.053630828857422,111.51182556152344
128,132500,-11.797065734863281,4.787949562072754,-7.009116172790527,110.07157897949219
128,132750,3.7279815673828125,5.3307037353515625,9.058685302734375,106.556396484375
129,133000,-15.516464233398438,5.5101165771484375,-10.00634765625,118.69352722167969
129,133250,-11.515022277832031,4.732555389404297,-6.782466888427734,112.33010864257812
129,133500,-16.70899200439453,6.1861162185668945,-10.522875785827637,108.83186340332031
129,133750,-6.376396179199219,5.310606479644775,-1.0657896995544434,111.3992919921875
129,134000,-4.821601867675781,4.581762313842773,-0.2398395538330078,104.77070617675781
130,134250,-29.75988006591797,5.371835231781006,-24.388044357299805,111.37308502197266
130,134500,-25.345001220703125,4.965475082397461,-20.379526138305664,120.95255279541016
130,134750,-24.866058349609375,6.328682899475098,-18.537376403808594,108.65748596191406
130,135000,-22.375869750976562,4.983172416687012,-17.392696380615234,112.98934936523438
131,135250,-14.04937744140625,4.7011284828186035,-9.348249435424805,118.9964370727539
131,135500,-18.665374755859375,4.729969501495361,-13.935405731201172,108.11790466308594
131,135750,-16.986236572265625,5.188532829284668,-11.797703742980957,109.99345397949219
131,136000,-23.022071838378906,4.657419204711914,-18.364652633666992,101.60466766357422
132,136250,-2.4344482421875,5.4056077003479,2.9711594581604004,113.83612823486328
132,136500,-2.2391357421875,5.101482391357422,2.862346649169922,104.92825317382812
132,136750,-18.594314575195312,5.730670928955078,-12.863643646240234,127.89220428466797
132,137000,-6.959098815917969,5.003484725952148,-1.9556140899658203,114.43161010742188
133,137250,-5.831748962402344,5.062104225158691,-0.7696447372436523,115.81864929199219
133,137500,-32.52130889892578,5.790512561798096,-26.730796813964844,109.05319213867188
133,137750,5.386772155761719,5.091667175292969,10.478439331054688,124.4111328125
133,138000,-20.704620361328125,5.409236907958984,-15.29538345336914,115.77284240722656
134,138250,-2.2445449829101562,6.135425090789795,3.8908801078796387,124.98383331298828
134,138500,8.399299621582031,5.210246562957764,13.609546661376953,104.98762512207031
134,138750,-16.85369110107422,5.2509236335754395,-11.602767944335938,118.71308898925781
134,139000,-1.6997604370117188,5.286067962646484,3.5863075256347656,121.22064208984375
135,139250,-10.421005249023438,5.333237648010254,-5.087767601013184,115.92814636230469
135,139500,-7.423820495605469,5.149007797241211,-2.274812698364258,126.8086929321289
135,139750,-6.559120178222656,5.311893463134766,-1.2472267150878906,110.04591369628906
135,140000,-16.756797790527344,5.211590766906738,-11.545207023620605,112.82194519042969
136,140250,-16.257957458496094,4.985752582550049,-11.272205352783203,122.57283782958984
136,140500,-10.425956726074219,6.298513889312744,-4.127442836761475,107.36627197265625
136,140750,-25.749664306640625,5.825126647949219,-19.924537658691406,111.88917541503906
136,141000,-11.830482482910156,5.435781478881836,-6.39470100402832,115.84504699707031
137,141250,-3.1866226196289062,5.231527805328369,2.044905185699463,119.44610595703125
137,141500,-6.496856689453125,5.247633934020996,-1.249222755432129,108.77322387695312
137,141750,-16.746543884277344,5.325838088989258,-11.420705795288086,107.45628356933594
137,142000,-6.595726013183594,5.786637783050537,-0.8090882301330566,108.60983276367188
137,142250,-13.756668090820312,5.337162971496582,-8.41950511932373,101.59272766113281
138,142500,6.835044860839844,5.661066055297852,12.496110916137695,106.4719009399414
138,142750,-6.9653472900390625,5.370895862579346,-1.5944514274597168,114.07538604736328
138,143000,-11.694305419921875,5.363629341125488,-6.330676078796387,108.10494995117188
138,143250,-5.8188934326171875,4.49532413482666,-1.3235692977905273,105.88951873779297
139,143500,-9.808074951171875,5.219010353088379,-4.589064598083496,114.54306030273438
139,143750,-10.483062744140625,5.448268890380859,-5.034793853759766,119.4080810546875
139,144000,-19.44945526123047,4.74018669128418,-14.709268569946289,111.95149230957031
139,144250,-16.465866088867188,5.449703216552734,-11.016162872314453,121.7295150756836
140,144500,-16.68170166015625,5.395308494567871,-11.286393165588379,102.92585754394531
140,144750,-7.5166015625,5.175432205200195,-2.3411693572998047,116.77468872070312
140,145000,-25.702972412109375,5.454536437988281,-20.248435974121094,119.7860336303711
140,145250,-15.112403869628906,5.647324562072754,-9.465079307556152,116.82940673828125
141,145500,-8.4700927734375,5.772712230682373,-2.697380542755127,118.93541717529297
141,145750,-19.60430908203125,6.20921516418457,-13.39509391784668,132.02578735351562
141,146000,-13.21453857421875,4.840564727783203,-8.373973846435547,122.19989013671875
141,146250,-0.3936920166015625,5.091035842895508,4.697343826293945,123.20223999023438
142,146500,-9.873466491699219,4.713422775268555,-5.160043716430664,118.99673461914062
142,146750,-7.295745849609375,4.518435955047607,-2.7773098945617676,111.2658920288086
142,147000,-10.135047912597656,5.887340545654297,-4.247707366943359,122.49502563476562
142,147250,-1.6327056884765625,4.658725261688232,3.02601957321167,116.66642761230469
143,147500,-0.7659988403320312,6.292320251464844,5.5263214111328125,120.47045135498047
143,147750,-16.90251922607422,5.428633213043213,-11.473886489868164,118.51800537109375
143,148000,-0.4075469970703125,4.9952192306518555,4.587672233581543,105.17652893066406
143,148250,-10.531021118164062,5.192396640777588,-5.338624477386475,109.92976379394531
144,148500,-9.553207397460938,5.779989242553711,-3.7732181549072266,123.33056640625
144,148750,-27.239486694335938,5.90650749206543,-21.332979202270508,116.40765380859375
144,149000,-20.93775177001953,6.8063154220581055,-14.131436347961426,132.62477111816406
144,149250,-12.625160217285156,4.968230247497559,-7.656929969787598,126.33502197265625
145,149500,-19.004623413085938,6.636908054351807,-12.367715835571289,117.01311492919922
145,149750,-7.735198974609375,5.138642311096191,-2.5965566635131836,119.5432357788086
145,150000,-23.05290985107422,4.927980422973633,-18.124929428100586,127.2608642578125
145,150250,-13.084381103515625,5.191743850708008,-7.892637252807617,128.05723571777344
145,150500,-27.24212646484375,4.857827663421631,-22.38429832458496,126.9735336303711
146,150750,-21.359230041503906,5.2440690994262695,-16.115161895751953,120.6568603515625
146,151000,-0.34522247314453125,4.559299468994141,4.214076995849609,127.6497573852539
146,151250,-14.90673828125,6.171480178833008,-8.735258102416992,123.58297729492188
146,151500,-20.46648406982422,6.082221984863281,-14.384262084960938,106.95693969726562
147,151750,-25.196754455566406,5.390605926513672,-19.806148529052734,124.4698486328125
147,152000,-24.991195678710938,5.731507301330566,-19.259689331054688,128.98028564453125
147,152250,-25.429107666015625,5.883933067321777,-19.54517364501953,129.99435424804688
147,152500,-2.6130523681640625,5.607175827026367,2.9941234588623047,114.98033142089844
148,152750,-10.009567260742188,5.749035835266113,-4.260531425476074,128.999267578125
148,153000,-4.925331115722656,5.081273078918457,0.15594196319580078,117.27130126953125
148,153250,-36.974609375,5.4269022941589355,-31.547706604003906,124.14098358154297
148,153500,-18.083328247070312,5.499626159667969,-12.583702087402344,121.46833801269531
149,153750,2.9279708862304688,5.054839134216309,7.982810020446777,119.17049407958984
149,154000,-24.955848693847656,5.417041778564453,-19.538806915283203,107.87047576904297
149,154250,-14.127212524414062,4.720541477203369,-9.406671524047852,120.25150299072266
149,154500,-10.462982177734375,5.88424015045166,-4.578742027282715,120.21185302734375
150,154750,2.0480194091796875,5.5186567306518555,7.566676139831543,120.9500732421875
150,155000,-8.080406188964844,5.528781890869141,-2.551624298095703,119.03621673583984
150,155250,-26.976600646972656,5.210156440734863,-21.76644515991211,123.88841247558594
150,155500,-18.513954162597656,5.500202178955078,-13.013751983642578,130.1231689453125
151,155750,-11.442657470703125,5.5379157066345215,-5.9047417640686035,126.56234741210938
151,156000,-8.888313293457031,4.793764114379883,-4.094549179077148,115.95427703857422
151,156250,-15.649887084960938,6.508022308349609,-9.141864776611328,123.73892211914062
151,156500,-14.345924377441406,5.890779495239258,-8.455144882202148,122.82601928710938
152,156750,-13.658126831054688,5.838436126708984,-7.819690704345703,118.32242584228516
152,157000,-10.72430419921875,5.171494483947754,-5.552809715270996,126.09711456298828
152,157250,-23.539474487304688,5.07657527923584,-18.46289825439453,135.44027709960938
152,157500,-31.42364501953125,5.212302207946777,-26.211341857910156,131.55319213867188
153,157750,-20.812850952148438,5.4866838455200195,-15.326167106628418,125.26773834228516
153,158000,-12.194389343261719,5.329134464263916,-6.865254878997803,138.7954559326172
153,158250,-6.3771820068359375,5.531158924102783,-0.8460230827331543,115.76658630371094
153,158500,-18.402252197265625,5.448088645935059,-12.954163551330566,128.3799591064453
153,158750,-13.479499816894531,5.571765422821045,-7.907734394073486,120.175048828125
154,159000,-17.391807556152344,4.846705436706543,-12.5451021194458,122.98060607910156
154,159250,-6.6247100830078125,5.750597953796387,-0.8741121292114258,127.41710662841797
154,159500,-18.064056396484375,4.622047424316406,-13.442008972167969,120.08052825927734
154,159750,-16.89873504638672,5.04824686050415,-11.850488662719727,117.3375244140625
155,160000,-38.803680419921875,6.0173869132995605,-32.786293029785156,124.3750228881836
155,160250,-11.329132080078125,4.9962334632873535,-6.3328986167907715,134.5564422607422
155,160500,-16.54833221435547,5.639904022216797,-10.908428192138672,127.8919677734375
155,160750,1.2507781982421875,6.046955108642578,7.297733306884766,132.61216735839844
156,161000,0.696197509765625,5.174291133880615,5.87048864364624,133.35610961914062
156,161250,-6.550323486328125,5.036284923553467,-1.5140385627746582,129.08538818359375
156,161500,-9.094078063964844,5.2224225997924805,-3.8716554641723633,127.32437133789062
156,161750,-4.3209228515625,4.840878486633301,0.5199556350708008,134.91932678222656
157,162000,-14.159255981445312,6.01289701461792,-8.146358489990234,128.3486785888672
157,162250,-26.553756713867188,4.741459846496582,-21.812297821044922,131.80862426757812
157,162500,-10.777061462402344,4.900726795196533,-5.8763346672058105,133.39334106445312
157,162750,-6.8126373291015625,4.975844383239746,-1.8367929458618164,145.0723114013672
158,163000,-12.044296264648438,6.408443927764893,-5.635852336883545,139.09237670898438
158,163250,-21.565025329589844,4.946751117706299,-16.618274688720703,115.48006439208984
158,163500,-16.38323974609375,5.089304447174072,-11.293935775756836,129.4710693359375
158,163750,-5.6290130615234375,4.8786821365356445,-0.750330924987793,114.58387756347656
159,164000,-12.807479858398438,5.073554992675781,-7.733924865722656,124.05308532714844
159,164250,-19.151290893554688,5.396970748901367,-13.75432014465332,138.24798583984375
159,164500,-4.9697265625,4.998601913452148,0.028875350952148438,134.83120727539062
159,164750,6.32550048828125,5.710937976837158,12.03643798828125,121.17755126953125
160,165000,-17.125457763671875,5.487490177154541,-11.637968063354492,120.001708984375
160,165250,-4.9852752685546875,5.846366882324219,0.8610916137695312,127.13752746582031
160,165500,-24.71599578857422,5.733633995056152,-18.98236083984375,137.15408325195312
160,165750,-11.514495849609375,4.6859941482543945,-6.8285017013549805,130.27149963378906
161,166000,-17.045135498046875,5.095943927764893,-11.94919204711914,136.4296112060547
161,166250,-20.132904052734375,6.628946304321289,-13.503957748413086,137.1849822998047
161,166500,-22.858245849609375,6.592288017272949,-16.26595687866211,131.2556915283203
161,166750,-6.76837158203125,6.148628234863281,-0.6197433471679688,137.84030151367188
161,167000,-14.534652709960938,5.5466485023498535,-8.988004684448242,148.77207946777344
162,167250,-10.264236450195312,5.347665786743164,-4.916570663452148,140.71197509765625
162,167500,-22.573867797851562,5.350987911224365,-17.22287940979004,143.16404724121094
162,167750,-26.13348388671875,5.664915084838867,-20.468568801879883,128.42564392089844
162,168000,-12.823883056640625,5.569523811340332,-7.254359245300293,138.37588500976562
163,168250,-9.53265380859375,5.351684093475342,-4.180969715118408,135.86932373046875
163,168500,-14.698776245117188,5.477092266082764,-9.221683502197266,148.8693084716797
163,168750,-21.007400512695312,5.684532165527344,-15.322868347167969,134.93484497070312
163,169000,-2.0745849609375,5.572827339172363,3.4982423782348633,120.27880859375
164,169250,-2.5406341552734375,5.795104503631592,3.2544703483581543,129.09774780273438
164,169500,-17.950820922851562,6.040101051330566,-11.910719871520996,137.5189208984375
164,169750,-22.964462280273438,5.3755669593811035,-17.588895797729492,131.55323791503906
164,170000,-10.92596435546875,5.26528263092041,-5.66068172454834,143.62698364257812
165,170250,-4.496025085449219,5.3427910804748535,0.8467659950256348,132.02374267578125
165,170500,-16.469802856445312,5.204353332519531,-11.265449523925781,118.02140808105469
165,170750,-16.64417266845703,5.166113376617432,-11.478059768676758,142.91433715820312
165,171000,7.6838226318359375,5.414478778839111,13.09830093383789,142.4686279296875
166,171250,-12.676284790039062,4.732663631439209,-7.9436211585998535,142.71075439453125
166,171500,-13.979476928710938,6.679526329040527,-7.29995059967041,140.8323974609375
166,171750,-30.592445373535156,7.251377105712891,-23.341068267822266,137.3253936767578
166,172000,-19.854034423828125,5.271173477172852,-14.582860946655273,130.48280334472656
167,172250,-8.284454345703125,6.205399036407471,-2.0790553092956543,135.01516723632812
167,172500,-30.292251586914062,5.20021390914917,-25.092037200927734,141.456298828125
167,172750,-20.584442138671875,5.113678932189941,-15.470763206481934,138.67039489746094
167,173000,-8.380645751953125,5.075175762176514,-3.3054699897766113,139.13734436035156
168,173250,-2.009033203125,4.684045791625977,2.6750125885009766,132.9156036376953
168,173500,-20.263832092285156,6.838940620422363,-13.424891471862793,137.63876342773438
168,173750,-24.922874450683594,5.001335144042969,-19.921539306640625,143.16793823242188
168,174000,6.2079925537109375,5.728259563446045,11.93625259399414,145.66656494140625
169,174250,-4.4853973388671875,5.071981430053711,0.5865840911865234,139.24856567382812
169,174500,-4.545684814453125,5.077354431152344,0.5316696166992188,141.12774658203125
169,174750,-12.163665771484375,5.577215194702148,-6.586450576782227,128.3365936279297
169,175000,-18.750656127929688,6.183847427368164,-12.566808700561523,133.70040893554688
169,175250,-4.952056884765625,5.5480756759643555,0.5960187911987305,136.23367309570312
170,175500,-5.2826080322265625,5.763516426086426,0.4809083938598633,140.05311584472656
170,175750,-15.048828125,5.813681602478027,-9.235146522521973,139.67291259765625
170,176000,-6.4221038818359375,5.210684776306152,-1.2114191055297852,133.02630615234375
170,176250,1.187835693359375,4.871069431304932,6.058905124664307,122.93888854980469
171,176500,-14.217430114746094,5.866175174713135,-8.351255416870117,131.57107543945312
171,176750,-25.221389770507812,6.006715297698975,-19.21467399597168,140.89065551757812
171,177000,-17.770965576171875,5.536816120147705,-12.234149932861328,151.93704223632812
171,177250,-4.097747802734375,5.866585731506348,1.7688379287719727,144.61276245117188
172,177500,-18.830116271972656,6.508399963378906,-12.32171630859375,148.34046936035156
172,177750,-24.21136474609375,4.607954978942871,-19.603408813476562,145.3428955078125
172,178000,-12.522453308105469,5.648530960083008,-6.873922348022461,125.21043395996094
172,178250,-12.070404052734375,5.575761795043945,-6.49464225769043,144.94476318359375
173,178500,-5.2936859130859375,5.947018623352051,0.6533327102661133,143.516845703125
173,178750,-13.191787719726562,6.1563568115234375,-7.035430908203125,128.28199768066406
173,179000,-22.560508728027344,5.637447834014893,-16.92306137084961,134.78125
173,179250,-18.00750732421875,6.126007080078125,-11.881500244140625,133.06317138671875
174,179500,-20.386688232421875,6.201437950134277,-14.185250282287598,137.2397918701172
174,179750,-15.787643432617188,5.920964241027832,-9.866679191589355,154.83740234375
174,180000,-18.09063720703125,6.9321746826171875,-11.158462524414062,149.1512908935547
174,180250,-12.583236694335938,5.405280113220215,-7.177956581115723,142.4219512939453
175,180500,-2.88763427734375,5.812464714050293,2.924830436706543,142.21072387695312
175,180750,-2.1380462646484375,5.734025001525879,3.5959787368774414,134.58990478515625
175,181000,-19.26812744140625,5.351771354675293,-13.916356086730957,154.67625427246094
175,181250,-8.179412841796875,6.335263252258301,-1.8441495895385742,142.53341674804688
176,181500,-16.98248291015625,5.178604602813721,-11.803878784179688,131.5628204345703
176,181750,-8.902481079101562,5.101726055145264,-3.800755023956299,146.41600036621094
176,182000,3.9718780517578125,4.534126281738281,8.506004333496094,145.38510131835938
176,182250,-22.681106567382812,5.450852394104004,-17.230255126953125,150.6134796142578
177,182500,-28.146392822265625,5.498813629150391,-22.647579193115234,140.1015625
177,182750,-21.924423217773438,5.401111602783203,-16.523311614990234,150.35006713867188
177,183000,-5.3519134521484375,7.621355056762695,2.269441604614258,134.69369506835938
177,183250,-18.495956420898438,5.329784393310547,-13.16617202758789,138.85594177246094
177,183500,-19.354164123535156,7.424981117248535,-11.929183006286621,144.3931121826172
178,183750,-23.701141357421875,5.51396369934082,-18.187177658081055,158.62542724609375
178,184000,-20.587875366210938,6.0377349853515625,-14.550140380859375,140.8951873779297
178,184250,-32.72969055175781,5.668133735656738,-27.06155776977539,150.22512817382812
178,184500,-12.950447082519531,6.2090606689453125,-6.741386413574219,141.78302001953125
179,184750,-10.58428955078125,6.423870086669922,-4.160419464111328,142.7823486328125
179,185000,8.459030151367188,6.591073036193848,15.050103187561035,145.6294403076172
179,185250,-19.539932250976562,5.2547831535339355,-14.285148620605469,150.20578002929688
179,185500,-12.990142822265625,5.581478118896484,-7.408664703369141,144.65264892578125
180,185750,3.4556427001953125,5.717764377593994,9.173406600952148,134.943359375
180,186000,-24.215652465820312,5.706827640533447,-18.508825302124023,158.047119140625
180,186250,-16.710891723632812,6.582446098327637,-10.128445625305176,151.14108276367188
180,186500,-7.489227294921875,5.913641452789307,-1.5755858421325684,145.07513427734375
181,186750,-6.294525146484375,5.61456298828125,-0.679962158203125,144.8096160888672
181,187000,-14.118865966796875,5.593337059020996,-8.525528907775879,152.02178955078125
181,187250,-9.733917236328125,5.603802680969238,-4.130114555358887,141.05459594726562
181,187500,-10.955078125,6.531883239746094,-4.423194885253906,140.99114990234375
182,187750,-14.092803955078125,5.482867240905762,-8.609936714172363,142.29026794433594
182,188000,8.10498046875,5.8404130935668945,13.945393562316895,152.13983154296875
182,188250,-0.3548126220703125,6.505379676818848,6.150567054748535,151.197998046875
182,188500,-10.38970947265625,6.006412029266357,-4.383297443389893,152.57565307617188
183,188750,-9.59063720703125,5.558621883392334,-4.032015323638916,145.3544921875
183,189000,-6.2657012939453125,5.449843406677246,-0.8158578872680664,156.1324005126953
183,189250,-6.3492279052734375,6.420629024505615,0.07140111923217773,156.30972290039062
183,189500,-13.609344482421875,5.701847553253174,-7.907496929168701,158.87088012695312
184,189750,-26.080535888671875,5.4339704513549805,-20.646564483642578,163.20089721679688
184,190000,-21.5963134765625,6.18397331237793,-15.41234016418457,136.3211669921875
184,190250,-9.786422729492188,5.458884239196777,-4.32753849029541,162.36819458007812
184,190500,-16.765426635742188,6.948031902313232,-9.817394256591797,146.35789489746094
185,190750,-10.766448974609375,5.020122528076172,-5.746326446533203,147.77578735351562
185,191000,3.0050506591796875,7.397258758544922,10.40230941772461,150.72218322753906
185,191250,-9.777236938476562,5.780388832092285,-3.9968481063842773,148.42514038085938
185,191500,-20.210922241210938,5.394922256469727,-14.815999984741211,146.25209045410156
185,191750,-19.297744750976562,5.8612518310546875,-13.436492919921875,156.23023986816406
186,192000,-18.739105224609375,5.2372941970825195,-13.501811027526855,146.26092529296875
186,192250,-24.092926025390625,6.340437889099121,-17.752487182617188,151.37210083007812
186,192500,-4.106048583984375,5.525368690490723,1.4193201065063477,149.62586975097656
186,192750,-18.0982666015625,5.8330607414245605,-12.265205383300781,142.80743408203125
187,193000,-11.64556884765625,5.887876510620117,-5.757692337036133,147.2635498046875
187,193250,-21.845947265625,6.451725006103516,-15.394222259521484,139.77655029296875
187,193500,-22.26824951171875,5.989455223083496,-16.278793334960938,154.55242919921875
187,193750,-14.292343139648438,6.1969404220581055,-8.095402717590332,139.54515075683594
188,194000,-12.3353271484375,5.708446502685547,-6.626880645751953,159.8722686767578
188,194250,-15.633560180664062,6.398382186889648,-9.235177993774414,156.20751953125
188,194500,-34.45481872558594,6.2883148193359375,-28.16650390625,159.86102294921875
188,194750,-11.831924438476562,5.154958724975586,-6.676965713500977,163.78451538085938
189,195000,-16.895050048828125,6.235517501831055,-10.65953254699707,156.5677947998047
189,195250,-14.32208251953125,5.476612091064453,-8.845470428466797,150.0826873779297
189,195500,-13.493179321289062,5.629603862762451,-7.863575458526611,165.79647827148438
189,195750,-10.609588623046875,5.383647918701172,-5.225940704345703,151.42193603515625
190,196000,-24.18035888671875,6.148811340332031,-18.03154754638672,153.77655029296875
190,196250,-3.9466400146484375,4.885950565338135,0.9393105506896973,160.1663818359375
190,196500,-22.10638427734375,6.778102397918701,-15.32828140258789,154.36956787109375
190,196750,-6.356170654296875,5.678466796875,-0.677703857421875,161.8262939453125
191,197000,-14.982742309570312,6.431981086730957,-8.550761222839355,157.58114624023438
191,197250,-10.334671020507812,6.1494293212890625,-4.18524169921875,159.48825073242188
191,197500,-7.99853515625,6.095707416534424,-1.9028277397155762,144.14173889160156
191,197750,-13.79107666015625,5.937434196472168,-7.853642463684082,147.5046844482422
192,198000,-25.837310791015625,5.362349510192871,-20.474960327148438,165.60162353515625
192,198250,-21.6805419921875,5.885720252990723,-15.794821739196777,160.44345092773438
192,198500,1.43890380859375,6.703947067260742,8.142850875854492,140.37867736816406
192,198750,-20.693695068359375,7.75707483291626,-12.936620712280273,150.5487060546875
193,199000,-8.449615478515625,4.918310642242432,-3.5313048362731934,151.69540405273438
193,199250,-15.584747314453125,5.339338302612305,-10.24540901184082,150.02362060546875
193,199500,-25.538055419921875,6.109409809112549,-19.428646087646484,163.95797729492188
193,199750,6.065643310546875,5.277109622955322,11.342752456665039,160.63031005859375
193,200000,3.1618499755859375,6.243529319763184,9.405379295349121,160.9664306640625
194,200250,-11.247238159179688,6.0236663818359375,-5.22357177734375,160.1573028564453
194,200500,-19.662979125976562,6.26404333114624,-13.398935317993164,160.10467529296875
194,200750,-12.086517333984375,5.910553932189941,-6.175963401794434,164.68435668945312
194,201000,-14.889144897460938,6.524768352508545,-8.364376068115234,147.99844360351562
195,201250,13.16748046875,6.483615875244141,19.65109634399414,144.02157592773438
195,201500,2.2102813720703125,5.509982109069824,7.720263481140137,146.12722778320312
195,201750,-30.894622802734375,6.700859069824219,-24.193763732910156,160.69374084472656
195,202000,-6.8360748291015625,5.785270690917969,-1.0508041381835938,146.55020141601562
196,202250,-21.8048095703125,4.835737228393555,-16.969072341918945,161.9207305908203
196,202500,-8.696075439453125,6.551229953765869,-2.144845485687256,150.0283203125
196,202750,-13.085845947265625,5.67041015625,-7.415435791015625,162.7041015625
196,203000,-14.654998779296875,6.210451602935791,-8.444547653198242,159.19717407226562
197,203250,2.749755859375,5.045998573303223,7.795754432678223,167.14236450195312
197,203500,-12.015380859375,5.519812107086182,-6.495568752288818,168.9991455078125
197,203750,-0.2781219482421875,7.979503154754639,7.701381206512451,151.95480346679688
197,204000,-28.5623779296875,6.774990558624268,-21.78738784790039,162.87188720703125
198,204250,3.355255126953125,6.024370193481445,9.37962532043457,157.35650634765625
198,204500,-14.472000122070312,6.048249244689941,-8.423750877380371,169.11526489257812
198,204750,-10.768020629882812,5.502364635467529,-5.265655994415283,157.61117553710938
198,205000,-15.884765625,6.264387130737305,-9.620378494262695,148.06231689453125
199,205250,-14.060317993164062,5.32103967666626,-8.739278793334961,144.48464965820312
199,205500,0.2162322998046875,6.127573013305664,6.343805313110352,158.44943237304688
199,205750,-16.744644165039062,5.270275115966797,-11.474369049072266,150.9242401123047
199,206000,-5.7828369140625,5.348797798156738,-0.4340391159057617,156.5630645751953
